country,iso_code,gmm_component_0_probability,gmm_component_1_probability,gmm_component,gmm_max_probability
Afghanistan,AFG,0.0009325641385507567,0.9990674358614484,1,0.9990674358614484
Albania,ALB,0.9882674153288994,0.011732584671100638,0,0.9882674153288994
Algeria,DZA,0.9922456853833127,0.007754314616687211,0,0.9922456853833127
Andorra,AND,0.9750148977325348,0.024985102267465295,0,0.9750148977325348
Angola,AGO,0.12210620865141,0.8778937913485891,1,0.8778937913485891
Antigua and Barbuda,ATG,0.9977984826091888,0.002201517390810912,0,0.9977984826091888
Argentina,ARG,0.9628478924444505,0.03715210755554926,0,0.9628478924444505
Armenia,ARM,0.9106322000502232,0.08936779994977606,0,0.9106322000502232
Aruba,ABW,0.9409569388609362,0.059043061139063685,0,0.9409569388609362
Australia,AUS,0.9899560528805458,0.010043947119454031,0,0.9899560528805458
Austria,AUT,0.9868665036281203,0.013133496371879464,0,0.9868665036281203
Azerbaijan,AZE,0.684815967521763,0.3151840324782367,0,0.684815967521763
Bahamas,BHS,0.9954267853902329,0.004573214609767236,0,0.9954267853902329
Bahrain,BHR,0.9696375496389285,0.030362450361071727,0,0.9696375496389285
Bangladesh,BGD,0.9969963337320382,0.00300366626796194,0,0.9969963337320382
Barbados,BRB,0.9751752950095024,0.024824704990497763,0,0.9751752950095024
Belarus,BLR,0.8774314980969384,0.12256850190306176,0,0.8774314980969384
Belgium,BEL,0.9699359538264511,0.030064046173548832,0,0.9699359538264511
Belize,BLZ,0.9922303776569261,0.0077696223430742,0,0.9922303776569261
Benin,BEN,0.9965215472738332,0.0034784527261667382,0,0.9965215472738332
Bermuda,BMU,0.9923819868288364,0.007618013171163539,0,0.9923819868288364
Bhutan,BTN,0.9605862094887561,0.03941379051124454,0,0.9605862094887561
Bolivia,BOL,0.9943254504311119,0.005674549568888227,0,0.9943254504311119
Bosnia and Herzegovina,BIH,0.11065863252753426,0.8893413674724664,1,0.8893413674724664
Botswana,BWA,0.9995588609400212,0.0004411390599790405,0,0.9995588609400212
Brazil,BRA,0.9852655569185446,0.014734443081455542,0,0.9852655569185446
Brunei,BRN,0.9574507856265979,0.04254921437340217,0,0.9574507856265979
Bulgaria,BGR,0.9828644714588345,0.017135528541165384,0,0.9828644714588345
Burkina Faso,BFA,0.9999869867089659,1.3013291034161804e-05,0,0.9999869867089659
Burundi,BDI,0.999502316265899,0.0004976837341009991,0,0.999502316265899
Cambodia,KHM,0.022185344819737607,0.9778146551802628,1,0.9778146551802628
Cameroon,CMR,0.9573130302617877,0.04268696973821238,0,0.9573130302617877
Canada,CAN,0.9850192735080667,0.014980726491933091,0,0.9850192735080667
Cape Verde,CPV,0.9995802964702315,0.0004197035297684095,0,0.9995802964702315
Central African Republic,CAF,0.9279266098733396,0.07207339012665975,0,0.9279266098733396
Chad,TCD,0.998150341012627,0.0018496589873731747,0,0.998150341012627
Chile,CHL,0.974205306360969,0.02579469363903081,0,0.974205306360969
China,CHN,0.9983363675447225,0.0016636324552775884,0,0.9983363675447225
Colombia,COL,0.9944937227605868,0.00550627723941335,0,0.9944937227605868
Comoros,COM,0.999837575120593,0.00016242487940686353,0,0.999837575120593
Congo,COG,0.0005326307578391129,0.9994673692421601,1,0.9994673692421601
Costa Rica,CRI,0.9922696009446932,0.007730399055307071,0,0.9922696009446932
Cote d'Ivoire,CIV,0.07969529780676472,0.9203047021932346,1,0.9203047021932346
Croatia,HRV,0.980517169453196,0.01948283054680411,0,0.980517169453196
Cuba,CUB,0.9752738708316147,0.024726129168384903,0,0.9752738708316147
Curacao,CUW,1.6499398581196832e-07,0.9999998350060147,1,0.9999998350060147
Cyprus,CYP,0.9812184909896582,0.018781509010341917,0,0.9812184909896582
Czechia,CZE,0.9873001239257294,0.01269987607427051,0,0.9873001239257294
Democratic Republic of Congo,COD,0.9839421843040257,0.01605781569597433,0,0.9839421843040257
Denmark,DNK,0.941872146473232,0.05812785352676751,0,0.941872146473232
Djibouti,DJI,0.9957745491690143,0.004225450830985797,0,0.9957745491690143
Dominica,DMA,0.99828007230495,0.0017199276950501318,0,0.99828007230495
Dominican Republic,DOM,0.9063089631236827,0.09369103687631698,0,0.9063089631236827
Ecuador,ECU,0.9871419777263534,0.012858022273646588,0,0.9871419777263534
Egypt,EGY,0.7064593015751551,0.29354069842484526,0,0.7064593015751551
El Salvador,SLV,0.9987686426336846,0.0012313573663156182,0,0.9987686426336846
Equatorial Guinea,GNQ,5.2000537804406274e-18,1.0,1,1.0
Estonia,EST,0.626002036709491,0.37399796329050927,0,0.626002036709491
Eswatini,SWZ,0.9983489723569058,0.001651027643094858,0,0.9983489723569058
Ethiopia,ETH,0.9984297973535398,0.001570202646459918,0,0.9984297973535398
Faroe Islands,FRO,0.988089241933525,0.011910758066475255,0,0.988089241933525
Fiji,FJI,0.9998712346749042,0.00012876532509568828,0,0.9998712346749042
Finland,FIN,0.9644053115221138,0.035594688477885744,0,0.9644053115221138
France,FRA,0.9848291918669775,0.015170808133022321,0,0.9848291918669775
French Polynesia,PYF,0.9933610846952334,0.006638915304766846,0,0.9933610846952334
Gabon,GAB,0.9733506171096366,0.026649382890363765,0,0.9733506171096366
Gambia,GMB,0.9995121266362005,0.00048787336379941545,0,0.9995121266362005
Georgia,GEO,0.9975410382962824,0.002458961703717311,0,0.9975410382962824
Germany,DEU,0.9844956459130269,0.015504354086972994,0,0.9844956459130269
Ghana,GHA,0.9760411882892986,0.02395881171070216,0,0.9760411882892986
Greece,GRC,0.9618435541896265,0.03815644581037328,0,0.9618435541896265
Greenland,GRL,0.9909646316966791,0.009035368303321243,0,0.9909646316966791
Grenada,GRD,0.9989083602073067,0.0010916397926934163,0,0.9989083602073067
Guatemala,GTM,0.47297305414630536,0.5270269458536945,1,0.5270269458536945
Guinea,GIN,0.999529443517062,0.0004705564829383003,0,0.999529443517062
Guinea-Bissau,GNB,0.9995814403577628,0.00041855964223682756,0,0.9995814403577628
Guyana,GUY,0.9994416451608275,0.0005583548391722417,0,0.9994416451608275
Haiti,HTI,0.9999279233223766,7.207667762350498e-05,0,0.9999279233223766
Honduras,HND,0.998750361150996,0.0012496388490036178,0,0.998750361150996
Hong Kong,HKG,0.9696739771669732,0.03032602283302637,0,0.9696739771669732
Hungary,HUN,0.9868485324887604,0.013151467511239877,0,0.9868485324887604
Iceland,ISL,0.9319652932094232,0.06803470679057687,0,0.9319652932094232
India,IND,0.9965857888972762,0.00341421110272376,0,0.9965857888972762
Indonesia,IDN,0.0009186172702110781,0.9990813827297889,1,0.9990813827297889
Iran,IRN,0.056124768653686576,0.9438752313463127,1,0.9438752313463127
Iraq,IRQ,0.9878063488996341,0.012193651100365972,0,0.9878063488996341
Ireland,IRL,0.9840342316005611,0.01596576839943887,0,0.9840342316005611
Israel,ISR,0.7315079251691572,0.26849207483084303,0,0.7315079251691572
Italy,ITA,0.9379080822786868,0.06209191772131272,0,0.9379080822786868
Jamaica,JAM,0.9816087997040271,0.01839120029597324,0,0.9816087997040271
Japan,JPN,0.8979539610753822,0.10204603892461754,0,0.8979539610753822
Jordan,JOR,0.33924312711207705,0.6607568728879225,1,0.6607568728879225
Kazakhstan,KAZ,0.9913937604541907,0.00860623954580963,0,0.9913937604541907
Kenya,KEN,0.998014622399254,0.0019853776007459204,0,0.998014622399254
Kiribati,KIR,0.9994402930628276,0.0005597069371722953,0,0.9994402930628276
Kuwait,KWT,0.9669098565676664,0.03309014343233326,0,0.9669098565676664
Kyrgyzstan,KGZ,0.1449724424897051,0.8550275575102941,1,0.8550275575102941
Laos,LAO,1.800217896213808e-16,1.0,1,1.0
Latvia,LVA,0.9909847465189224,0.00901525348107784,0,0.9909847465189224
Lebanon,LBN,0.9974646450593239,0.0025353549406763954,0,0.9974646450593239
Lesotho,LSO,0.9958784112336384,0.004121588766361838,0,0.9958784112336384
Liberia,LBR,0.9883668686190554,0.011633131380944909,0,0.9883668686190554
Libya,LBY,0.9690422191852379,0.030957780814761787,0,0.9690422191852379
Lithuania,LTU,0.990680945464023,0.009319054535976798,0,0.990680945464023
Luxembourg,LUX,0.8100082632617641,0.18999173673823536,0,0.8100082632617641
Macao,MAC,0.9711241012672518,0.02887589873274784,0,0.9711241012672518
Madagascar,MDG,0.3284136032847617,0.6715863967152391,1,0.6715863967152391
Malawi,MWI,0.9995153054397593,0.0004846945602406214,0,0.9995153054397593
Malaysia,MYS,0.2904847697701588,0.7095152302298412,1,0.7095152302298412
Maldives,MDV,0.9998934690321393,0.00010653096786070973,0,0.9998934690321393
Mali,MLI,0.9999803156454565,1.968435454315453e-05,0,0.9999803156454565
Malta,MLT,0.007761995271651317,0.9922380047283486,1,0.9922380047283486
Mauritania,MRT,0.9997384178087962,0.0002615821912034664,0,0.9997384178087962
Mauritius,MUS,0.09526650094801917,0.9047334990519814,1,0.9047334990519814
Mexico,MEX,0.8765832514333507,0.12341674856664933,0,0.8765832514333507
Moldova,MDA,0.9752604092175238,0.024739590782476825,0,0.9752604092175238
Mongolia,MNG,0.985223838943882,0.01477616105611773,0,0.985223838943882
Montenegro,MNE,0.9999401563140381,5.984368596121061e-05,0,0.9999401563140381
Morocco,MAR,0.8426348504147231,0.15736514958527695,0,0.8426348504147231
Mozambique,MOZ,0.9929261402870768,0.007073859712923952,0,0.9929261402870768
Myanmar,MMR,0.9925827536793793,0.00741724632062121,0,0.9925827536793793
Namibia,NAM,0.9955077102550187,0.0044922897449809415,0,0.9955077102550187
Nepal,NPL,0.9993531108512056,0.0006468891487948302,0,0.9993531108512056
Netherlands,NLD,0.9786521640699621,0.02134783593003784,0,0.9786521640699621
New Caledonia,NCL,0.1272147464856027,0.8727852535143971,1,0.8727852535143971
New Zealand,NZL,0.9661705811020407,0.03382941889795888,0,0.9661705811020407
Nicaragua,NIC,0.9968795014923718,0.0031204985076278835,0,0.9968795014923718
Niger,NER,0.9999911344286112,8.865571389390058e-06,0,0.9999911344286112
Nigeria,NGA,0.9870437612724251,0.012956238727574542,0,0.9870437612724251
North Korea,PRK,0.2184164123753016,0.781583587624699,1,0.781583587624699
North Macedonia,MKD,0.9961129379338344,0.0038870620661657996,0,0.9961129379338344
Norway,NOR,0.9807891909389226,0.019210809061077392,0,0.9807891909389226
Oman,OMN,0.6552982396138816,0.3447017603861188,0,0.6552982396138816
Pakistan,PAK,0.9017753609505899,0.09822463904941035,0,0.9017753609505899
Palestine,PSE,0.9996588309719768,0.0003411690280229734,0,0.9996588309719768
Panama,PAN,0.7137099047283063,0.2862900952716938,0,0.7137099047283063
Papua New Guinea,PNG,0.9989201796939238,0.0010798203060763331,0,0.9989201796939238
Paraguay,PRY,0.9993119570496546,0.000688042950345334,0,0.9993119570496546
Peru,PER,0.9433867973174047,0.05661320268259533,0,0.9433867973174047
Philippines,PHL,0.0006498789114781018,0.9993501210885222,1,0.9993501210885222
Poland,POL,0.9948965341927491,0.005103465807250823,0,0.9948965341927491
Portugal,PRT,0.8982198125626152,0.10178018743738454,0,0.8982198125626152
Qatar,QAT,0.9879026390998856,0.012097360900114115,0,0.9879026390998856
Romania,ROU,0.9852116942829816,0.014788305717018464,0,0.9852116942829816
Russia,RUS,0.9837862875436078,0.016213712456391843,0,0.9837862875436078
Rwanda,RWA,0.9957576882268714,0.004242311773128671,0,0.9957576882268714
Saint Lucia,LCA,0.9978847306504667,0.002115269349533147,0,0.9978847306504667
Saint Vincent and the Grenadines,VCT,0.9992348563786795,0.0007651436213201478,0,0.9992348563786795
Samoa,WSM,0.9994616103460248,0.0005383896539749768,0,0.9994616103460248
Sao Tome and Principe,STP,0.9993356228179924,0.0006643771820079398,0,0.9993356228179924
Saudi Arabia,SAU,0.9810698131850488,0.018930186814950848,0,0.9810698131850488
Senegal,SEN,0.8654610030657395,0.13453899693426072,0,0.8654610030657395
Serbia,SRB,0.9975550985606056,0.002444901439394277,0,0.9975550985606056
Seychelles,SYC,0.9986662771623667,0.001333722837633318,0,0.9986662771623667
Sierra Leone,SLE,0.9999022594873578,9.774051264238698e-05,0,0.9999022594873578
Singapore,SGP,0.17232973623717454,0.8276702637628248,1,0.8276702637628248
Slovakia,SVK,0.9892237427305359,0.010776257269464256,0,0.9892237427305359
Slovenia,SVN,0.9886395821394288,0.01136041786057115,0,0.9886395821394288
Solomon Islands,SLB,0.8995684888199725,0.10043151118002762,0,0.8995684888199725
Somalia,SOM,0.9854556974594244,0.014544302540575888,0,0.9854556974594244
South Africa,ZAF,0.9717658737644647,0.028234126235535232,0,0.9717658737644647
South Korea,KOR,0.512563831142139,0.48743616885786156,0,0.512563831142139
South Sudan,SSD,0.9998920484816378,0.00010795151836243429,0,0.9998920484816378
Spain,ESP,0.9211476411520745,0.07885235884792542,0,0.9211476411520745
Sri Lanka,LKA,0.38534249666047216,0.6146575033395284,1,0.6146575033395284
Sudan,SDN,0.9993933683037345,0.0006066316962652975,0,0.9993933683037345
Suriname,SUR,0.9866363892354959,0.013363610764504336,0,0.9866363892354959
Sweden,SWE,0.9594166669083884,0.04058333309161195,0,0.9594166669083884
Switzerland,CHE,0.9777922198010487,0.02220778019895149,0,0.9777922198010487
Syria,SYR,0.9793653225312774,0.020634677468722544,0,0.9793653225312774
Taiwan,TWN,0.7182634324966634,0.281736567503337,0,0.7182634324966634
Tajikistan,TJK,7.877940284574266e-18,1.0,1,1.0
Tanzania,TZA,0.9825229690391518,0.0174770309608474,0,0.9825229690391518
Thailand,THA,0.8943049189673136,0.10569508103268677,0,0.8943049189673136
Togo,TGO,0.9987544733446991,0.0012455266553004674,0,0.9987544733446991
Tonga,TON,0.9995542018510987,0.00044579814890123825,0,0.9995542018510987
Trinidad and Tobago,TTO,0.5560440819002198,0.44395591809978036,0,0.5560440819002198
Tunisia,TUN,0.8449544699272689,0.15504553007273147,0,0.8449544699272689
Turkey,TUR,0.9853055842628673,0.014694415737132347,0,0.9853055842628673
Turkmenistan,TKM,0.9868113329982372,0.013188667001762902,0,0.9868113329982372
Uganda,UGA,0.9998737460497361,0.00012625395026419822,0,0.9998737460497361
Ukraine,UKR,0.8467741282045543,0.1532258717954461,0,0.8467741282045543
United Arab Emirates,ARE,0.965529614666836,0.034470385333163635,0,0.965529614666836
United Kingdom,GBR,0.8857045739564142,0.11429542604358528,0,0.8857045739564142
United States,USA,0.9860454730242306,0.013954526975769408,0,0.9860454730242306
Uruguay,URY,0.9952107718084048,0.00478922819159556,0,0.9952107718084048
Uzbekistan,UZB,0.97432447574979,0.02567552425020962,0,0.97432447574979
Vanuatu,VUT,0.9996589564602123,0.00034104353978806637,0,0.9996589564602123
Venezuela,VEN,0.35443694260267694,0.6455630573973237,1,0.6455630573973237
Vietnam,VNM,0.9269925803859166,0.07300741961408416,0,0.9269925803859166
Yemen,YEM,0.0035609401415775074,0.9964390598584231,1,0.9964390598584231
Zambia,ZMB,0.9944398181013651,0.005560181898634715,0,0.9944398181013651
Zimbabwe,ZWE,0.9571289808165085,0.042871019183491677,0,0.9571289808165085
